Workbook

Sheet README
A1: DOE Lote 2 - manual ethanol entry
A3: Purpose | B3: Enter ethanol measurements for DOE-LAB004, DOE-LAB005 and DOE-LAB006.
A4: Where to enter | B4: Use only sheets F1, F2 and F3. All_samples is a formula-linked read-only view.
A5: Yellow cells | B5: Manual inputs. Enter % v/v replicates or a direct g/L override.
A6: Green cells | B6: Formula-derived values. Do not overwrite.
A7: Blue cells | B7: Context parsed from the Y15 session files.
A8: Orange rows | B8: Expected sample ID with no corresponding Y15 record; alcohol data may still be entered.
A9: % v/v conversion | B9: ethanol_g_l_for_model = ethanol_percent_vv_final x 7.89, unless ethanol_g_l_manual is supplied.
A10: Sample time | B10: Y15 timestamps are analysis times, not sample collection times. Fill sample_collection_datetime and/or t_h when known.
A11: Missing expected IDs | B11: F1: 7, 14, 17; F2: 7, 14, 17; F3: 7, 14, 17, 18.
A12: QC flags | B12: OK, not_measured, below_LOQ, above_range, suspect, rerun, discard.
A13: Source | B13: C:\Users\ctorrealba\OneDrive - Viña Concha y Toro S.A\Documentos\Doctorado\Artículos\Artículo - Estimación_dFBA\pyomo-doe\fermentation_model\data\Laboratorio 2026\MBDoE_2026\DOE_Lote_2\Datos Y15 lote 2

Sheet F1
A1: lot_id | B1: process | C1: design_name | D1: sample_id | E1: sample_sequence | F1: sample_collection_datetime | G1: t_h | H1: time_source | I1: y15_data_available | J1: y15_analysis_datetime_start | K1: y15_analysis_datetime_end | L1: y15_source_files | M1: glucose_g_l | N1: fructose_g_l | O1: sugar_total_g_l | P1: ammonia_mg_l | Q1: pan_mg_l | R1: yan_calc_mg_l_raw | S1: glycerol_g_l | T1: acetic_acid_g_l | U1: pyruvic_acid_mg_l | V1: acetaldehyde_mg_l | W1: ethanol_percent_vv_rep1 | X1: ethanol_percent_vv_rep2 | Y1: ethanol_percent_vv_final | Z1: ethanol_g_l_manual | AA1: ethanol_g_l_for_model | AB1: ethanol_measurement_datetime | AC1: ethanol_method | AD1: operator | AE1: qc_flag | AF1: notes
A2: DOE_Lote_2 | B2: F1 | C2: synthetic_glucose_rich_fructose_pulse | D2: DOE-LAB004-1 | E2: 1 | H2: pending_manual_entry | I2: TRUE | J2: 46209.555 | K2: 46209.561 | L2: ONLINE(26-07-06 11-48)_1.txt | M2: 120.36 | N2: =IF(OR(M2="",O2=""),"",O2-M2) -> 50.41 | O2: 170.77 | P2: 143 | Q2: 57 | R2: =IF(COUNTA(P2:Q2)=0,"",SUM(P2:Q2)) -> 200 | S2: 0.31 | T2: 0.08 | U2: 6 | V2: 34 | W2: 0.3 | Y2: =IF(COUNTA(W2:X2)=0,"",AVERAGE(W2:X2))-0.3 -> 0 | AA2: =IF(Z2<>"",Z2,IF(Y2<>"",Y2*7.89,"")) -> 0
A3: DOE_Lote_2 | B3: F1 | C3: synthetic_glucose_rich_fructose_pulse | D3: DOE-LAB004-2 | E3: 2 | H3: pending_manual_entry | I3: TRUE | J3: 46209.658 | K3: 46209.667 | L3: ONLINE(26-07-06 11-48)_1.txt | M3: 117.48 | N3: =IF(OR(M3="",O3=""),"",O3-M3) -> 47.36 | O3: 164.84 | P3: 134 | Q3: 53 | R3: =IF(COUNTA(P3:Q3)=0,"",SUM(P3:Q3)) -> 187 | S3: 0.31 | T3: 0.11 | U3: -1 | V3: 33 | AA3: =IF(Z3<>"",Z3,IF(Y3<>"",Y3*7.89,""))
A4: DOE_Lote_2 | B4: F1 | C4: synthetic_glucose_rich_fructose_pulse | D4: DOE-LAB004-3 | E4: 3 | H4: pending_manual_entry | I4: TRUE | J4: 46209.703 | K4: 46209.712 | L4: ONLINE(26-07-06 11-48)_1.txt | M4: 116.81 | N4: =IF(OR(M4="",O4=""),"",O4-M4) -> 47.47 | O4: 164.28 | P4: 135 | Q4: 52 | R4: =IF(COUNTA(P4:Q4)=0,"",SUM(P4:Q4)) -> 187 | S4: 0.39 | T4: 0.15 | U4: 7 | V4: 33 | W4: 0.32 | Y4: =IF(COUNTA(W4:X4)=0,"",AVERAGE(W4:X4))-0.3 -> 0.02 | AA4: =IF(Z4<>"",Z4,IF(Y4<>"",Y4*7.89,"")) -> 0.1578
A5: DOE_Lote_2 | B5: F1 | C5: synthetic_glucose_rich_fructose_pulse | D5: DOE-LAB004-4 | E5: 4 | H5: pending_manual_entry | I5: TRUE | J5: 46210.368 | K5: 46210.377 | L5: ONLINE(26-07-07 08-26)_1.txt | M5: 110.38 | N5: =IF(OR(M5="",O5=""),"",O5-M5) -> 42.56 | O5: 152.94 | P5: 98 | Q5: 35 | R5: =IF(COUNTA(P5:Q5)=0,"",SUM(P5:Q5)) -> 133 | S5: 1.13 | T5: 0.21 | U5: 20 | V5: 46 | W5: 0.7 | Y5: =IF(COUNTA(W5:X5)=0,"",AVERAGE(W5:X5))-0.3 -> 0.4 | AA5: =IF(Z5<>"",Z5,IF(Y5<>"",Y5*7.89,"")) -> 3.156
A6: DOE_Lote_2 | B6: F1 | C6: synthetic_glucose_rich_fructose_pulse | D6: DOE-LAB004-5 | E6: 5 | H6: pending_manual_entry | I6: TRUE | J6: 46210.528 | K6: 46210.552 | L6: ONLINE(26-07-07 08-26)_1.txt | M6: 106.38 | N6: =IF(OR(M6="",O6=""),"",O6-M6) -> 44.17 | O6: 150.55 | P6: 117 | Q6: 37 | R6: =IF(COUNTA(P6:Q6)=0,"",SUM(P6:Q6)) -> 154 | S6: 0.91 | T6: 0.24 | U6: 31 | V6: 67 | AA6: =IF(Z6<>"",Z6,IF(Y6<>"",Y6*7.89,""))
A7: DOE_Lote_2 | B7: F1 | C7: synthetic_glucose_rich_fructose_pulse | D7: DOE-LAB004-6 | E7: 6 | H7: pending_manual_entry | I7: TRUE | J7: 46210.633 | K7: 46210.644 | L7: ONLINE(26-07-07 08-26)_1.txt | M7: 101.75 | N7: =IF(OR(M7="",O7=""),"",O7-M7) -> 43.78 | O7: 145.53 | P7: 110 | Q7: 36 | R7: =IF(COUNTA(P7:Q7)=0,"",SUM(P7:Q7)) -> 146 | S7: 1.08 | T7: 0.32 | U7: 44 | V7: 66 | AA7: =IF(Z7<>"",Z7,IF(Y7<>"",Y7*7.89,""))
A8: DOE_Lote_2 | B8: F1 | C8: synthetic_glucose_rich_fructose_pulse | D8: DOE-LAB004-7 | E8: 7 | H8: pending_manual_entry | I8: FALSE | N8: =IF(OR(M8="",O8=""),"",O8-M8) | R8: =IF(COUNTA(P8:Q8)=0,"",SUM(P8:Q8)) | W8: 1.08 | Y8: =IF(COUNTA(W8:X8)=0,"",AVERAGE(W8:X8))-0.3 -> 0.78 | AA8: =IF(Z8<>"",Z8,IF(Y8<>"",Y8*7.89,"")) -> 6.1542
A9: DOE_Lote_2 | B9: F1 | C9: synthetic_glucose_rich_fructose_pulse | D9: DOE-LAB004-8 | E9: 8 | H9: pending_manual_entry | I9: TRUE | J9: 46211.43 | K9: 46211.437 | L9: ONLINE(26-07-08 09-58)_1.txt | M9: 83.87 | N9: =IF(OR(M9="",O9=""),"",O9-M9) -> 37.43 | O9: 121.3 | P9: 4 | Q9: 26 | R9: =IF(COUNTA(P9:Q9)=0,"",SUM(P9:Q9)) -> 30 | S9: 2.99 | T9: 0.34 | U9: 92 | V9: 168 | W9: 2.54 | Y9: =IF(COUNTA(W9:X9)=0,"",AVERAGE(W9:X9))-0.3 -> 2.24 | AA9: =IF(Z9<>"",Z9,IF(Y9<>"",Y9*7.89,"")) -> 17.6736
A10: DOE_Lote_2 | B10: F1 | C10: synthetic_glucose_rich_fructose_pulse | D10: DOE-LAB004-9 | E10: 9 | H10: pending_manual_entry | I10: TRUE | J10: 46211.621 | K10: 46211.634 | L10: ONLINE(26-07-08 09-58)_1.txt | M10: 74.31 | N10: =IF(OR(M10="",O10=""),"",O10-M10) -> 38.51 | O10: 112.82 | P10: 3 | Q10: 21 | R10: =IF(COUNTA(P10:Q10)=0,"",SUM(P10:Q10)) -> 24 | S10: 2.98 | T10: 0.4 | U10: 94 | V10: 160 | AA10: =IF(Z10<>"",Z10,IF(Y10<>"",Y10*7.89,""))
A11: DOE_Lote_2 | B11: F1 | C11: synthetic_glucose_rich_fructose_pulse | D11: DOE-LAB004-10 | E11: 10 | H11: pending_manual_entry | I11: TRUE | J11: 46211.692 | K11: 46211.704 | L11: ONLINE(26-07-08 09-58)_1.txt | M11: 73.66 | N11: =IF(OR(M11="",O11=""),"",O11-M11) -> 37.73 | O11: 111.39 | P11: 6 | Q11: 21 | R11: =IF(COUNTA(P11:Q11)=0,"",SUM(P11:Q11)) -> 27 | S11: 2.51 | T11: 0.4 | U11: 90 | V11: 171 | W11: 2.68 | Y11: =IF(COUNTA(W11:X11)=0,"",AVERAGE(W11:X11))-0.3 -> 2.38 | AA11: =IF(Z11<>"",Z11,IF(Y11<>"",Y11*7.89,"")) -> 18.7782
A12: DOE_Lote_2 | B12: F1 | C12: synthetic_glucose_rich_fructose_pulse | D12: DOE-LAB004-11 | E12: 11 | H12: pending_manual_entry | I12: TRUE | J12: 46212.437 | K12: 46212.448 | L12: ONLINE(26-07-09 10-09)_1.txt | M12: 48.3 | N12: =IF(OR(M12="",O12=""),"",O12-M12) -> 27.4 | O12: 75.7 | P12: -1 | Q12: 18 | R12: =IF(COUNTA(P12:Q12)=0,"",SUM(P12:Q12)) -> 17 | S12: 4.28 | T12: 0.43 | U12: 76 | V12: 80 | W12: 5.07 | Y12: =IF(COUNTA(W12:X12)=0,"",AVERAGE(W12:X12))-0.3 -> 4.77 | AA12: =IF(Z12<>"",Z12,IF(Y12<>"",Y12*7.89,"")) -> 37.6353
A13: DOE_Lote_2 | B13: F1 | C13: synthetic_glucose_rich_fructose_pulse | D13: DOE-LAB004-12 | E13: 12 | H13: pending_manual_entry | I13: TRUE | J13: 46212.532 | K13: 46212.539 | L13: ONLINE(26-07-09 10-09)_1.txt | M13: 47.22 | N13: =IF(OR(M13="",O13=""),"",O13-M13) -> 72.73 | O13: 119.95 | P13: 0 | Q13: 20 | R13: =IF(COUNTA(P13:Q13)=0,"",SUM(P13:Q13)) -> 20 | S13: 4.65 | T13: 0.49 | U13: 81 | V13: 215 | AA13: =IF(Z13<>"",Z13,IF(Y13<>"",Y13*7.89,""))
A14: DOE_Lote_2 | B14: F1 | C14: synthetic_glucose_rich_fructose_pulse | D14: DOE-LAB004-13 | E14: 13 | H14: pending_manual_entry | I14: TRUE | J14: 46212.713 | K14: 46212.742 | L14: ONLINE(26-07-09 10-09)_1.txt | M14: 35.07 | N14: =IF(OR(M14="",O14=""),"",O14-M14) -> 55.86 | O14: 90.93 | Q14: 19 | R14: =IF(COUNTA(P14:Q14)=0,"",SUM(P14:Q14)) -> 19 | S14: 4.75 | T14: 0.62 | U14: 84 | V14: 122 | W14: 5.81 | Y14: =IF(COUNTA(W14:X14)=0,"",AVERAGE(W14:X14))-0.3 -> 5.51 | AA14: =IF(Z14<>"",Z14,IF(Y14<>"",Y14*7.89,"")) -> 43.4739
A15: DOE_Lote_2 | B15: F1 | C15: synthetic_glucose_rich_fructose_pulse | D15: DOE-LAB004-14 | E15: 14 | H15: pending_manual_entry | I15: FALSE | N15: =IF(OR(M15="",O15=""),"",O15-M15) | R15: =IF(COUNTA(P15:Q15)=0,"",SUM(P15:Q15)) | W15: 7.04 | Y15: =IF(COUNTA(W15:X15)=0,"",AVERAGE(W15:X15))-0.3 -> 6.74 | AA15: =IF(Z15<>"",Z15,IF(Y15<>"",Y15*7.89,"")) -> 53.1786
A16: DOE_Lote_2 | B16: F1 | C16: synthetic_glucose_rich_fructose_pulse | D16: DOE-LAB004-15 | E16: 15 | H16: pending_manual_entry | I16: TRUE | J16: 46213.422 | K16: 46213.432 | L16: ONLINE(26-07-10 09-47)_1.txt | M16: 27.36 | N16: =IF(OR(M16="",O16=""),"",O16-M16) -> 48.79 | O16: 76.15 | P16: -2 | Q16: 18 | R16: =IF(COUNTA(P16:Q16)=0,"",SUM(P16:Q16)) -> 16 | S16: 4.73 | T16: 0.44 | U16: 36 | V16: 69 | W16: 7.48 | Y16: =IF(COUNTA(W16:X16)=0,"",AVERAGE(W16:X16))-0.3 -> 7.18 | AA16: =IF(Z16<>"",Z16,IF(Y16<>"",Y16*7.89,"")) -> 56.6502
A17: DOE_Lote_2 | B17: F1 | C17: synthetic_glucose_rich_fructose_pulse | D17: DOE-LAB004-16 | E17: 16 | H17: pending_manual_entry | I17: TRUE | J17: 46213.54 | K17: 46213.548 | L17: ONLINE(26-07-10 09-47)_1.txt | M17: 24.4 | N17: =IF(OR(M17="",O17=""),"",O17-M17) -> 47.91 | O17: 72.31 | P17: -1 | Q17: 17 | R17: =IF(COUNTA(P17:Q17)=0,"",SUM(P17:Q17)) -> 16 | S17: 4.95 | T17: 0.5 | U17: 42 | V17: 97 | W17: 10.84 | Y17: =IF(COUNTA(W17:X17)=0,"",AVERAGE(W17:X17))-0.3 -> 10.54 | AA17: =IF(Z17<>"",Z17,IF(Y17<>"",Y17*7.89,"")) -> 83.1606
A18: DOE_Lote_2 | B18: F1 | C18: synthetic_glucose_rich_fructose_pulse | D18: DOE-LAB004-17 | E18: 17 | H18: pending_manual_entry | I18: FALSE | N18: =IF(OR(M18="",O18=""),"",O18-M18) | R18: =IF(COUNTA(P18:Q18)=0,"",SUM(P18:Q18)) | W18: 11.03 | Y18: =IF(COUNTA(W18:X18)=0,"",AVERAGE(W18:X18))-0.3 -> 10.73 | AA18: =IF(Z18<>"",Z18,IF(Y18<>"",Y18*7.89,"")) -> 84.6597
A19: DOE_Lote_2 | B19: F1 | C19: synthetic_glucose_rich_fructose_pulse | D19: DOE-LAB004-18 | E19: 18 | H19: pending_manual_entry | I19: TRUE | J19: 46217.461 | K19: 46217.484 | L19: ONLINE(26-07-14 10-40)_1.txt | M19: 0.24 | N19: =IF(OR(M19="",O19=""),"",O19-M19) -> 11.19 | O19: 11.43 | P19: 0 | Q19: 12 | R19: =IF(COUNTA(P19:Q19)=0,"",SUM(P19:Q19)) -> 12 | S19: 5.73 | T19: 0.49 | U19: 47 | W19: 11.08 | Y19: =IF(COUNTA(W19:X19)=0,"",AVERAGE(W19:X19))-0.3 -> 10.78 | AA19: =IF(Z19<>"",Z19,IF(Y19<>"",Y19*7.89,"")) -> 85.0542

Sheet F2
A1: lot_id | B1: process | C1: design_name | D1: sample_id | E1: sample_sequence | F1: sample_collection_datetime | G1: t_h | H1: time_source | I1: y15_data_available | J1: y15_analysis_datetime_start | K1: y15_analysis_datetime_end | L1: y15_source_files | M1: glucose_g_l | N1: fructose_g_l | O1: sugar_total_g_l | P1: ammonia_mg_l | Q1: pan_mg_l | R1: yan_calc_mg_l_raw | S1: glycerol_g_l | T1: acetic_acid_g_l | U1: pyruvic_acid_mg_l | V1: acetaldehyde_mg_l | W1: ethanol_percent_vv_rep1 | X1: ethanol_percent_vv_rep2 | Y1: ethanol_percent_vv_final | Z1: ethanol_g_l_manual | AA1: ethanol_g_l_for_model | AB1: ethanol_measurement_datetime | AC1: ethanol_method | AD1: operator | AE1: qc_flag | AF1: notes
A2: DOE_Lote_2 | B2: F2 | C2: synthetic_lit_SM410_24C_highN_strip | D2: DOE-LAB005-1 | E2: 1 | H2: pending_manual_entry | I2: TRUE | J2: 46209.556 | K2: 46209.566 | L2: ONLINE(26-07-06 11-48)_1.txt | M2: 94.1 | N2: =IF(OR(M2="",O2=""),"",O2-M2) -> 119.02 | O2: 213.12 | P2: 212 | Q2: 90 | R2: =IF(COUNTA(P2:Q2)=0,"",SUM(P2:Q2)) -> 302 | S2: 0.27 | T2: 0.1 | U2: 7 | V2: 53 | W2: 0.36 | Y2: =IF(COUNTA(W2:X2)=0,"",AVERAGE(W2:X2))-0.3 -> 0.06 | AA2: =IF(Z2<>"",Z2,IF(Y2<>"",Y2*7.89,"")) -> 0.4734
A3: DOE_Lote_2 | B3: F2 | C3: synthetic_lit_SM410_24C_highN_strip | D3: DOE-LAB005-2 | E3: 2 | H3: pending_manual_entry | I3: TRUE | J3: 46209.658 | K3: 46209.675 | L3: ONLINE(26-07-06 11-48)_1.txt | M3: 96.91 | N3: =IF(OR(M3="",O3=""),"",O3-M3) -> 119.28 | O3: 216.19 | P3: 215 | Q3: 89 | R3: =IF(COUNTA(P3:Q3)=0,"",SUM(P3:Q3)) -> 304 | S3: 0.32 | T3: 0.12 | U3: 9 | V3: 53 | AA3: =IF(Z3<>"",Z3,IF(Y3<>"",Y3*7.89,""))
A4: DOE_Lote_2 | B4: F2 | C4: synthetic_lit_SM410_24C_highN_strip | D4: DOE-LAB005-3 | E4: 3 | H4: pending_manual_entry | I4: TRUE | J4: 46209.703 | K4: 46209.717 | L4: ONLINE(26-07-06 11-48)_1.txt | M4: 97.61 | N4: =IF(OR(M4="",O4=""),"",O4-M4) -> 115.01 | O4: 212.62 | P4: 210 | Q4: 88 | R4: =IF(COUNTA(P4:Q4)=0,"",SUM(P4:Q4)) -> 298 | S4: 0.36 | T4: 0.14 | U4: 17 | V4: 52 | W4: 0.4 | Y4: =IF(COUNTA(W4:X4)=0,"",AVERAGE(W4:X4))-0.3 -> 0.1 | AA4: =IF(Z4<>"",Z4,IF(Y4<>"",Y4*7.89,"")) -> 0.789
A5: DOE_Lote_2 | B5: F2 | C5: synthetic_lit_SM410_24C_highN_strip | D5: DOE-LAB005-4 | E5: 4 | H5: pending_manual_entry | I5: TRUE | J5: 46210.369 | K5: 46210.382 | L5: ONLINE(26-07-07 08-26)_1.txt | M5: 91.05 | N5: =IF(OR(M5="",O5=""),"",O5-M5) -> 110.87 | O5: 201.92 | P5: 180 | Q5: 60 | R5: =IF(COUNTA(P5:Q5)=0,"",SUM(P5:Q5)) -> 240 | S5: 1.31 | T5: 0.31 | U5: 44 | V5: 74 | W5: 0.93 | Y5: =IF(COUNTA(W5:X5)=0,"",AVERAGE(W5:X5))-0.3 -> 0.63 | AA5: =IF(Z5<>"",Z5,IF(Y5<>"",Y5*7.89,"")) -> 4.9707
A6: DOE_Lote_2 | B6: F2 | C6: synthetic_lit_SM410_24C_highN_strip | D6: DOE-LAB005-5 | E6: 5 | H6: pending_manual_entry | I6: TRUE | J6: 46210.528 | K6: 46210.558 | L6: ONLINE(26-07-07 08-26)_1.txt | M6: 85.76 | N6: =IF(OR(M6="",O6=""),"",O6-M6) -> 112.28 | O6: 198.04 | P6: 169 | Q6: 56 | R6: =IF(COUNTA(P6:Q6)=0,"",SUM(P6:Q6)) -> 225 | S6: 1.22 | T6: 0.32 | U6: 60 | V6: 95 | AA6: =IF(Z6<>"",Z6,IF(Y6<>"",Y6*7.89,""))
A7: DOE_Lote_2 | B7: F2 | C7: synthetic_lit_SM410_24C_highN_strip | D7: DOE-LAB005-6 | E7: 6 | H7: pending_manual_entry | I7: TRUE | J7: 46210.634 | K7: 46210.649 | L7: ONLINE(26-07-07 08-26)_1.txt | M7: 85.54 | N7: =IF(OR(M7="",O7=""),"",O7-M7) -> 109.92 | O7: 195.46 | P7: 162 | Q7: 55 | R7: =IF(COUNTA(P7:Q7)=0,"",SUM(P7:Q7)) -> 217 | S7: 1.51 | T7: 0.4 | U7: 66 | V7: 106 | AA7: =IF(Z7<>"",Z7,IF(Y7<>"",Y7*7.89,""))
A8: DOE_Lote_2 | B8: F2 | C8: synthetic_lit_SM410_24C_highN_strip | D8: DOE-LAB005-7 | E8: 7 | H8: pending_manual_entry | I8: FALSE | N8: =IF(OR(M8="",O8=""),"",O8-M8) | R8: =IF(COUNTA(P8:Q8)=0,"",SUM(P8:Q8)) | W8: 1.46 | Y8: =IF(COUNTA(W8:X8)=0,"",AVERAGE(W8:X8))-0.3 -> 1.16 | AA8: =IF(Z8<>"",Z8,IF(Y8<>"",Y8*7.89,"")) -> 9.1524
A9: DOE_Lote_2 | B9: F2 | C9: synthetic_lit_SM410_24C_highN_strip | D9: DOE-LAB005-8 | E9: 8 | H9: pending_manual_entry | I9: TRUE | J9: 46211.43 | K9: 46211.442 | L9: ONLINE(26-07-08 09-58)_1.txt | M9: 64.86 | N9: =IF(OR(M9="",O9=""),"",O9-M9) -> 94.29 | O9: 159.15 | P9: 31 | Q9: 41 | R9: =IF(COUNTA(P9:Q9)=0,"",SUM(P9:Q9)) -> 72 | S9: 3.78 | T9: 0.53 | U9: 106 | V9: 163 | W9: 3.27 | Y9: =IF(COUNTA(W9:X9)=0,"",AVERAGE(W9:X9))-0.3 -> 2.97 | AA9: =IF(Z9<>"",Z9,IF(Y9<>"",Y9*7.89,"")) -> 23.4333
A10: DOE_Lote_2 | B10: F2 | C10: synthetic_lit_SM410_24C_highN_strip | D10: DOE-LAB005-9 | E10: 9 | H10: pending_manual_entry | I10: TRUE | J10: 46211.621 | K10: 46211.639 | L10: ONLINE(26-07-08 09-58)_1.txt | M10: 57.91 | N10: =IF(OR(M10="",O10=""),"",O10-M10) -> 86.41 | O10: 144.32 | P10: 12 | Q10: 39 | R10: =IF(COUNTA(P10:Q10)=0,"",SUM(P10:Q10)) -> 51 | S10: 3.75 | T10: 0.53 | U10: 95 | V10: 187 | AA10: =IF(Z10<>"",Z10,IF(Y10<>"",Y10*7.89,""))
A11: DOE_Lote_2 | B11: F2 | C11: synthetic_lit_SM410_24C_highN_strip | D11: DOE-LAB005-10 | E11: 10 | H11: pending_manual_entry | I11: TRUE | J11: 46211.693 | K11: 46211.707 | L11: ONLINE(26-07-08 09-58)_1.txt | M11: 55.24 | N11: =IF(OR(M11="",O11=""),"",O11-M11) -> 86.86 | O11: 142.1 | P11: 11 | Q11: 40 | R11: =IF(COUNTA(P11:Q11)=0,"",SUM(P11:Q11)) -> 51 | T11: 0.59 | U11: 92 | V11: 153 | W11: 4.01 | Y11: =IF(COUNTA(W11:X11)=0,"",AVERAGE(W11:X11))-0.3 -> 3.71 | AA11: =IF(Z11<>"",Z11,IF(Y11<>"",Y11*7.89,"")) -> 29.2719
A12: DOE_Lote_2 | B12: F2 | C12: synthetic_lit_SM410_24C_highN_strip | D12: DOE-LAB005-11 | E12: 11 | H12: pending_manual_entry | I12: TRUE | J12: 46212.438 | K12: 46212.453 | L12: ONLINE(26-07-09 10-09)_1.txt | M12: 37.48 | N12: =IF(OR(M12="",O12=""),"",O12-M12) -> 72.59 | O12: 110.07 | P12: -2 | Q12: 26 | R12: =IF(COUNTA(P12:Q12)=0,"",SUM(P12:Q12)) -> 24 | S12: 5.39 | T12: 0.67 | U12: 76 | V12: 80 | W12: 5.99 | Y12: =IF(COUNTA(W12:X12)=0,"",AVERAGE(W12:X12))-0.3 -> 5.69 | AA12: =IF(Z12<>"",Z12,IF(Y12<>"",Y12*7.89,"")) -> 44.8941
A13: DOE_Lote_2 | B13: F2 | C13: synthetic_lit_SM410_24C_highN_strip | D13: DOE-LAB005-12 | E13: 12 | H13: pending_manual_entry | I13: TRUE | J13: 46212.532 | K13: 46212.544 | L13: ONLINE(26-07-09 10-09)_1.txt | M13: 38.95 | N13: =IF(OR(M13="",O13=""),"",O13-M13) -> 70.42 | O13: 109.37 | P13: 4 | Q13: 31 | R13: =IF(COUNTA(P13:Q13)=0,"",SUM(P13:Q13)) -> 35 | S13: 5.55 | T13: 0.7 | U13: 70 | V13: 143 | AA13: =IF(Z13<>"",Z13,IF(Y13<>"",Y13*7.89,""))
A14: DOE_Lote_2 | B14: F2 | C14: synthetic_lit_SM410_24C_highN_strip | D14: DOE-LAB005-13 | E14: 13 | H14: pending_manual_entry | I14: TRUE | J14: 46212.714 | K14: 46212.748 | L14: ONLINE(26-07-09 10-09)_1.txt | M14: 32.44 | N14: =IF(OR(M14="",O14=""),"",O14-M14) -> 69.95 | O14: 102.39 | P14: 0 | Q14: 29 | R14: =IF(COUNTA(P14:Q14)=0,"",SUM(P14:Q14)) -> 29 | S14: 5.68 | T14: 0.77 | U14: 57 | V14: 77 | W14: 6.69 | Y14: =IF(COUNTA(W14:X14)=0,"",AVERAGE(W14:X14))-0.3 -> 6.39 | AA14: =IF(Z14<>"",Z14,IF(Y14<>"",Y14*7.89,"")) -> 50.4171
A15: DOE_Lote_2 | B15: F2 | C15: synthetic_lit_SM410_24C_highN_strip | D15: DOE-LAB005-14 | E15: 14 | H15: pending_manual_entry | I15: FALSE | N15: =IF(OR(M15="",O15=""),"",O15-M15) | R15: =IF(COUNTA(P15:Q15)=0,"",SUM(P15:Q15)) | W15: 8.42 | Y15: =IF(COUNTA(W15:X15)=0,"",AVERAGE(W15:X15))-0.3 -> 8.12 | AA15: =IF(Z15<>"",Z15,IF(Y15<>"",Y15*7.89,"")) -> 64.0668
A16: DOE_Lote_2 | B16: F2 | C16: synthetic_lit_SM410_24C_highN_strip | D16: DOE-LAB005-15 | E16: 15 | H16: pending_manual_entry | I16: TRUE | J16: 46213.423 | K16: 46213.437 | L16: ONLINE(26-07-10 09-47)_1.txt | M16: 20.07 | N16: =IF(OR(M16="",O16=""),"",O16-M16) -> 54.61 | O16: 74.68 | P16: -3 | Q16: 26 | R16: =IF(COUNTA(P16:Q16)=0,"",SUM(P16:Q16)) -> 23 | S16: 5.97 | T16: 0.72 | U16: 37 | V16: 69 | W16: 8.64 | Y16: =IF(COUNTA(W16:X16)=0,"",AVERAGE(W16:X16))-0.3 -> 8.34 | AA16: =IF(Z16<>"",Z16,IF(Y16<>"",Y16*7.89,"")) -> 65.8026
A17: DOE_Lote_2 | B17: F2 | C17: synthetic_lit_SM410_24C_highN_strip | D17: DOE-LAB005-16 | E17: 16 | H17: pending_manual_entry | I17: TRUE | J17: 46213.541 | K17: 46213.556 | L17: ONLINE(26-07-10 09-47)_1.txt | M17: 17.74 | N17: =IF(OR(M17="",O17=""),"",O17-M17) -> 52.27 | O17: 70.01 | P17: -2 | Q17: 28 | R17: =IF(COUNTA(P17:Q17)=0,"",SUM(P17:Q17)) -> 26 | S17: 5.92 | T17: 0.67 | U17: 34 | V17: 72 | W17: 12.02 | Y17: =IF(COUNTA(W17:X17)=0,"",AVERAGE(W17:X17))-0.3 -> 11.72 | AA17: =IF(Z17<>"",Z17,IF(Y17<>"",Y17*7.89,"")) -> 92.4708
A18: DOE_Lote_2 | B18: F2 | C18: synthetic_lit_SM410_24C_highN_strip | D18: DOE-LAB005-17 | E18: 17 | H18: pending_manual_entry | I18: FALSE | N18: =IF(OR(M18="",O18=""),"",O18-M18) | R18: =IF(COUNTA(P18:Q18)=0,"",SUM(P18:Q18)) | W18: 12.06 | Y18: =IF(COUNTA(W18:X18)=0,"",AVERAGE(W18:X18))-0.3 -> 11.76 | AA18: =IF(Z18<>"",Z18,IF(Y18<>"",Y18*7.89,"")) -> 92.7864
A19: DOE_Lote_2 | B19: F2 | C19: synthetic_lit_SM410_24C_highN_strip | D19: DOE-LAB005-18 | E19: 18 | H19: pending_manual_entry | I19: TRUE | J19: 46217.465 | K19: 46217.485 | L19: ONLINE(26-07-14 10-40)_1.txt | M19: -0.15 | N19: =IF(OR(M19="",O19=""),"",O19-M19) -> 12.32 | O19: 12.17 | P19: -1 | Q19: 25 | R19: =IF(COUNTA(P19:Q19)=0,"",SUM(P19:Q19)) -> 24 | S19: 6.8 | T19: 0.79 | U19: 40 | W19: 12.43 | Y19: =IF(COUNTA(W19:X19)=0,"",AVERAGE(W19:X19))-0.3 -> 12.13 | AA19: =IF(Z19<>"",Z19,IF(Y19<>"",Y19*7.89,"")) -> 95.7057

Sheet F3
A1: lot_id | B1: process | C1: design_name | D1: sample_id | E1: sample_sequence | F1: sample_collection_datetime | G1: t_h | H1: time_source | I1: y15_data_available | J1: y15_analysis_datetime_start | K1: y15_analysis_datetime_end | L1: y15_source_files | M1: glucose_g_l | N1: fructose_g_l | O1: sugar_total_g_l | P1: ammonia_mg_l | Q1: pan_mg_l | R1: yan_calc_mg_l_raw | S1: glycerol_g_l | T1: acetic_acid_g_l | U1: pyruvic_acid_mg_l | V1: acetaldehyde_mg_l | W1: ethanol_percent_vv_rep1 | X1: ethanol_percent_vv_rep2 | Y1: ethanol_percent_vv_final | Z1: ethanol_g_l_manual | AA1: ethanol_g_l_for_model | AB1: ethanol_measurement_datetime | AC1: ethanol_method | AD1: operator | AE1: qc_flag | AF1: notes
A2: DOE_Lote_2 | B2: F3 | C2: synthetic_viable_biomass_step | D2: DOE-LAB006-1 | E2: 1 | H2: pending_manual_entry | I2: TRUE | J2: 46209.569 | K2: 46209.573 | L2: ONLINE(26-07-06 11-48)_1.txt | M2: 71.83 | N2: =IF(OR(M2="",O2=""),"",O2-M2) -> 87.61 | O2: 159.44 | P2: 135 | Q2: 55 | R2: =IF(COUNTA(P2:Q2)=0,"",SUM(P2:Q2)) -> 190 | S2: 0.42 | T2: 0.08 | U2: 7 | V2: 49 | W2: 0.31 | Y2: =IF(COUNTA(W2:X2)=0,"",AVERAGE(W2:X2))-0.3 -> 0.01 | AA2: =IF(Z2<>"",Z2,IF(Y2<>"",Y2*7.89,"")) -> 0.0789
A3: DOE_Lote_2 | B3: F3 | C3: synthetic_viable_biomass_step | D3: DOE-LAB006-2 | E3: 2 | H3: pending_manual_entry | I3: TRUE | J3: 46209.66 | K3: 46209.679 | L3: ONLINE(26-07-06 11-48)_1.txt | M3: 71.3 | N3: =IF(OR(M3="",O3=""),"",O3-M3) -> 87.38 | O3: 158.68 | P3: 125 | Q3: 49 | R3: =IF(COUNTA(P3:Q3)=0,"",SUM(P3:Q3)) -> 174 | S3: 0.35 | T3: 0.11 | U3: 12 | V3: 33 | AA3: =IF(Z3<>"",Z3,IF(Y3<>"",Y3*7.89,""))
A4: DOE_Lote_2 | B4: F3 | C4: synthetic_viable_biomass_step | D4: DOE-LAB006-3 | E4: 3 | H4: pending_manual_entry | I4: TRUE | J4: 46209.705 | K4: 46209.723 | L4: ONLINE(26-07-06 11-48)_1.txt | M4: 71.03 | N4: =IF(OR(M4="",O4=""),"",O4-M4) -> 85.62 | O4: 156.65 | P4: 126 | Q4: 50 | R4: =IF(COUNTA(P4:Q4)=0,"",SUM(P4:Q4)) -> 176 | S4: 0.34 | T4: 0.12 | U4: 8 | V4: 41 | W4: 0.32 | Y4: =IF(COUNTA(W4:X4)=0,"",AVERAGE(W4:X4))-0.3 -> 0.02 | AA4: =IF(Z4<>"",Z4,IF(Y4<>"",Y4*7.89,"")) -> 0.1578
A5: DOE_Lote_2 | B5: F3 | C5: synthetic_viable_biomass_step | D5: DOE-LAB006-4 | E5: 4 | H5: pending_manual_entry | I5: TRUE | J5: 46210.37 | K5: 46210.406 | L5: ONLINE(26-07-07 08-26)_1.txt | M5: 66.61 | N5: =IF(OR(M5="",O5=""),"",O5-M5) -> 85.12 | O5: 151.73 | P5: 158 | Q5: 32 | R5: =IF(COUNTA(P5:Q5)=0,"",SUM(P5:Q5)) -> 190 | S5: 0.66 | T5: 0.24 | U5: 26 | V5: 53 | W5: 0.77 | Y5: =IF(COUNTA(W5:X5)=0,"",AVERAGE(W5:X5))-0.3 -> 0.47 | AA5: =IF(Z5<>"",Z5,IF(Y5<>"",Y5*7.89,"")) -> 3.7083
A6: DOE_Lote_2 | B6: F3 | C6: synthetic_viable_biomass_step | D6: DOE-LAB006-5 | E6: 5 | H6: pending_manual_entry | I6: TRUE | J6: 46210.53 | K6: 46210.629 | L6: ONLINE(26-07-07 08-26)_1.txt | M6: 61.92 | N6: =IF(OR(M6="",O6=""),"",O6-M6) -> 83.39 | O6: 145.31 | P6: 103 | Q6: 42 | R6: =IF(COUNTA(P6:Q6)=0,"",SUM(P6:Q6)) -> 145 | S6: 0.99 | T6: 0.28 | U6: 43 | V6: 45 | AA6: =IF(Z6<>"",Z6,IF(Y6<>"",Y6*7.89,""))
A7: DOE_Lote_2 | B7: F3 | C7: synthetic_viable_biomass_step | D7: DOE-LAB006-6 | E7: 6 | H7: pending_manual_entry | I7: TRUE | J7: 46210.635 | K7: 46210.655 | L7: ONLINE(26-07-07 08-26)_1.txt | M7: 61.55 | N7: =IF(OR(M7="",O7=""),"",O7-M7) -> 78.68 | O7: 140.23 | P7: 99 | Q7: 39 | R7: =IF(COUNTA(P7:Q7)=0,"",SUM(P7:Q7)) -> 138 | S7: 1.12 | T7: 0.32 | U7: 44 | V7: 65 | AA7: =IF(Z7<>"",Z7,IF(Y7<>"",Y7*7.89,""))
A8: DOE_Lote_2 | B8: F3 | C8: synthetic_viable_biomass_step | D8: DOE-LAB006-7 | E8: 7 | H8: pending_manual_entry | I8: FALSE | N8: =IF(OR(M8="",O8=""),"",O8-M8) | R8: =IF(COUNTA(P8:Q8)=0,"",SUM(P8:Q8)) | W8: 1.21 | Y8: =IF(COUNTA(W8:X8)=0,"",AVERAGE(W8:X8))-0.3 -> 0.91 | AA8: =IF(Z8<>"",Z8,IF(Y8<>"",Y8*7.89,"")) -> 7.1799
A9: DOE_Lote_2 | B9: F3 | C9: synthetic_viable_biomass_step | D9: DOE-LAB006-8 | E9: 8 | H9: pending_manual_entry | I9: TRUE | J9: 46211.432 | K9: 46211.451 | L9: ONLINE(26-07-08 09-58)_1.txt | M9: 45.91 | N9: =IF(OR(M9="",O9=""),"",O9-M9) -> 70.97 | O9: 116.88 | P9: 0 | Q9: 20 | R9: =IF(COUNTA(P9:Q9)=0,"",SUM(P9:Q9)) -> 20 | S9: 2.15 | T9: 0.36 | U9: 85 | V9: 93 | W9: 2.68 | Y9: =IF(COUNTA(W9:X9)=0,"",AVERAGE(W9:X9))-0.3 -> 2.38 | AA9: =IF(Z9<>"",Z9,IF(Y9<>"",Y9*7.89,"")) -> 18.7782
A10: DOE_Lote_2 | B10: F3 | C10: synthetic_viable_biomass_step | D10: DOE-LAB006-9 | E10: 9 | H10: pending_manual_entry | I10: TRUE | J10: 46211.623 | K10: 46211.644 | L10: ONLINE(26-07-08 09-58)_1.txt | M10: 39.65 | N10: =IF(OR(M10="",O10=""),"",O10-M10) -> 64.27 | O10: 103.92 | P10: 4 | Q10: 23 | R10: =IF(COUNTA(P10:Q10)=0,"",SUM(P10:Q10)) -> 27 | S10: 2.93 | T10: 0.39 | U10: 87 | V10: 108 | AA10: =IF(Z10<>"",Z10,IF(Y10<>"",Y10*7.89,""))
A11: DOE_Lote_2 | B11: F3 | C11: synthetic_viable_biomass_step | D11: DOE-LAB006-10 | E11: 10 | H11: pending_manual_entry | I11: TRUE | J11: 46211.694 | K11: 46211.713 | L11: ONLINE(26-07-08 09-58)_1.txt | M11: 36.61 | N11: =IF(OR(M11="",O11=""),"",O11-M11) -> 62.82 | O11: 99.43 | P11: 5 | Q11: 23 | R11: =IF(COUNTA(P11:Q11)=0,"",SUM(P11:Q11)) -> 28 | T11: 0.44 | U11: 89 | W11: 3.3 | Y11: =IF(COUNTA(W11:X11)=0,"",AVERAGE(W11:X11))-0.3 -> 3 | AA11: =IF(Z11<>"",Z11,IF(Y11<>"",Y11*7.89,"")) -> 23.67
A12: DOE_Lote_2 | B12: F3 | C12: synthetic_viable_biomass_step | D12: DOE-LAB006-11 | E12: 11 | H12: pending_manual_entry | I12: TRUE | J12: 46212.44 | K12: 46212.466 | L12: ONLINE(26-07-09 10-09)_1.txt | M12: 15.46 | N12: =IF(OR(M12="",O12=""),"",O12-M12) -> 42 | O12: 57.46 | P12: -2 | Q12: 25 | R12: =IF(COUNTA(P12:Q12)=0,"",SUM(P12:Q12)) -> 23 | S12: 5.04 | T12: 0.5 | U12: 82 | V12: 51 | W12: 5.79 | Y12: =IF(COUNTA(W12:X12)=0,"",AVERAGE(W12:X12))-0.3 -> 5.49 | AA12: =IF(Z12<>"",Z12,IF(Y12<>"",Y12*7.89,"")) -> 43.3161
A13: DOE_Lote_2 | B13: F3 | C13: synthetic_viable_biomass_step | D13: DOE-LAB006-12 | E13: 12 | H13: pending_manual_entry | I13: TRUE | J13: 46212.534 | K13: 46212.549 | L13: ONLINE(26-07-09 10-09)_1.txt | M13: 14.82 | N13: =IF(OR(M13="",O13=""),"",O13-M13) -> 40.83 | O13: 55.65 | P13: -1 | Q13: 20 | R13: =IF(COUNTA(P13:Q13)=0,"",SUM(P13:Q13)) -> 19 | S13: 5.49 | T13: 0.49 | U13: 67 | V13: 75 | AA13: =IF(Z13<>"",Z13,IF(Y13<>"",Y13*7.89,""))
A14: DOE_Lote_2 | B14: F3 | C14: synthetic_viable_biomass_step | D14: DOE-LAB006-13 | E14: 13 | H14: pending_manual_entry | I14: TRUE | J14: 46212.715 | K14: 46212.753 | L14: ONLINE(26-07-09 10-09)_1.txt | M14: 10.1 | N14: =IF(OR(M14="",O14=""),"",O14-M14) -> 33.99 | O14: 44.09 | P14: -1 | Q14: 16 | R14: =IF(COUNTA(P14:Q14)=0,"",SUM(P14:Q14)) -> 15 | S14: 5.18 | T14: 0.49 | U14: 77 | V14: 59 | W14: 6.64 | Y14: =IF(COUNTA(W14:X14)=0,"",AVERAGE(W14:X14))-0.3 -> 6.34 | AA14: =IF(Z14<>"",Z14,IF(Y14<>"",Y14*7.89,"")) -> 50.0226
A15: DOE_Lote_2 | B15: F3 | C15: synthetic_viable_biomass_step | D15: DOE-LAB006-14 | E15: 14 | H15: pending_manual_entry | I15: FALSE | N15: =IF(OR(M15="",O15=""),"",O15-M15) | R15: =IF(COUNTA(P15:Q15)=0,"",SUM(P15:Q15)) | W15: 8.3 | Y15: =IF(COUNTA(W15:X15)=0,"",AVERAGE(W15:X15))-0.3 -> 8 | AA15: =IF(Z15<>"",Z15,IF(Y15<>"",Y15*7.89,"")) -> 63.12
A16: DOE_Lote_2 | B16: F3 | C16: synthetic_viable_biomass_step | D16: DOE-LAB006-15 | E16: 15 | H16: pending_manual_entry | I16: TRUE | J16: 46213.424 | K16: 46213.442 | L16: ONLINE(26-07-10 09-47)_1.txt | M16: 1.16 | N16: =IF(OR(M16="",O16=""),"",O16-M16) -> 17.5 | O16: 18.66 | P16: -3 | Q16: 15 | R16: =IF(COUNTA(P16:Q16)=0,"",SUM(P16:Q16)) -> 12 | S16: 5.46 | T16: 0.47 | U16: 46 | V16: 30 | W16: 8.44 | Y16: =IF(COUNTA(W16:X16)=0,"",AVERAGE(W16:X16))-0.3 -> 8.14 | AA16: =IF(Z16<>"",Z16,IF(Y16<>"",Y16*7.89,"")) -> 64.2246
A17: DOE_Lote_2 | B17: F3 | C17: synthetic_viable_biomass_step | D17: DOE-LAB006-16 | E17: 16 | H17: pending_manual_entry | I17: TRUE | J17: 46213.542 | K17: 46213.56 | L17: ONLINE(26-07-10 09-47)_1.txt | M17: 0.82 | N17: =IF(OR(M17="",O17=""),"",O17-M17) -> 15.87 | O17: 16.69 | P17: -1 | Q17: 16 | R17: =IF(COUNTA(P17:Q17)=0,"",SUM(P17:Q17)) -> 15 | S17: 5.37 | T17: 0.48 | U17: 42 | V17: 35 | W17: 9.74 | Y17: =IF(COUNTA(W17:X17)=0,"",AVERAGE(W17:X17))-0.3 -> 9.44 | AA17: =IF(Z17<>"",Z17,IF(Y17<>"",Y17*7.89,"")) -> 74.4816
A18: DOE_Lote_2 | B18: F3 | C18: synthetic_viable_biomass_step | D18: DOE-LAB006-17 | E18: 17 | H18: pending_manual_entry | I18: FALSE | N18: =IF(OR(M18="",O18=""),"",O18-M18) | R18: =IF(COUNTA(P18:Q18)=0,"",SUM(P18:Q18)) | AA18: =IF(Z18<>"",Z18,IF(Y18<>"",Y18*7.89,""))
A19: DOE_Lote_2 | B19: F3 | C19: synthetic_viable_biomass_step | D19: DOE-LAB006-18 | E19: 18 | H19: pending_manual_entry | I19: FALSE | N19: =IF(OR(M19="",O19=""),"",O19-M19) | R19: =IF(COUNTA(P19:Q19)=0,"",SUM(P19:Q19)) | AA19: =IF(Z19<>"",Z19,IF(Y19<>"",Y19*7.89,""))

Sheet All_samples
A1: lot_id | B1: process | C1: design_name | D1: sample_id | E1: sample_sequence | F1: sample_collection_datetime | G1: t_h | H1: time_source | I1: y15_data_available | J1: y15_analysis_datetime_start | K1: y15_analysis_datetime_end | L1: y15_source_files | M1: glucose_g_l | N1: fructose_g_l | O1: sugar_total_g_l | P1: ammonia_mg_l | Q1: pan_mg_l | R1: yan_calc_mg_l_raw | S1: glycerol_g_l | T1: acetic_acid_g_l | U1: pyruvic_acid_mg_l | V1: acetaldehyde_mg_l | W1: ethanol_percent_vv_rep1 | X1: ethanol_percent_vv_rep2 | Y1: ethanol_percent_vv_final | Z1: ethanol_g_l_manual | AA1: ethanol_g_l_for_model | AB1: ethanol_measurement_datetime | AC1: ethanol_method | AD1: operator | AE1: qc_flag | AF1: notes
A2: ='F1'!A2 -> DOE_Lote_2 | B2: ='F1'!B2 -> F1 | C2: ='F1'!C2 -> synthetic_glucose_rich_fructose_pulse | D2: ='F1'!D2 -> DOE-LAB004-1 | E2: ='F1'!E2 -> 1 | F2: ='F1'!F2 -> 0 | G2: ='F1'!G2 -> 0 | H2: ='F1'!H2 -> pending_manual_entry | ... AF2: ='F1'!AF2 -> 0
A3: ='F1'!A3 -> DOE_Lote_2 | B3: ='F1'!B3 -> F1 | C3: ='F1'!C3 -> synthetic_glucose_rich_fructose_pulse | D3: ='F1'!D3 -> DOE-LAB004-2 | E3: ='F1'!E3 -> 2 | F3: ='F1'!F3 -> 0 | G3: ='F1'!G3 -> 0 | H3: ='F1'!H3 -> pending_manual_entry | ... AF3: ='F1'!AF3 -> 0
A4: ='F1'!A4 -> DOE_Lote_2 | B4: ='F1'!B4 -> F1 | C4: ='F1'!C4 -> synthetic_glucose_rich_fructose_pulse | D4: ='F1'!D4 -> DOE-LAB004-3 | E4: ='F1'!E4 -> 3 | F4: ='F1'!F4 -> 0 | G4: ='F1'!G4 -> 0 | H4: ='F1'!H4 -> pending_manual_entry | ... AF4: ='F1'!AF4 -> 0
A5: ='F1'!A5 -> DOE_Lote_2 | B5: ='F1'!B5 -> F1 | C5: ='F1'!C5 -> synthetic_glucose_rich_fructose_pulse | D5: ='F1'!D5 -> DOE-LAB004-4 | E5: ='F1'!E5 -> 4 | F5: ='F1'!F5 -> 0 | G5: ='F1'!G5 -> 0 | H5: ='F1'!H5 -> pending_manual_entry | ... AF5: ='F1'!AF5 -> 0
A6: ='F1'!A6 -> DOE_Lote_2 | B6: ='F1'!B6 -> F1 | C6: ='F1'!C6 -> synthetic_glucose_rich_fructose_pulse | D6: ='F1'!D6 -> DOE-LAB004-5 | E6: ='F1'!E6 -> 5 | F6: ='F1'!F6 -> 0 | G6: ='F1'!G6 -> 0 | H6: ='F1'!H6 -> pending_manual_entry | ... AF6: ='F1'!AF6 -> 0
A7: ='F1'!A7 -> DOE_Lote_2 | B7: ='F1'!B7 -> F1 | C7: ='F1'!C7 -> synthetic_glucose_rich_fructose_pulse | D7: ='F1'!D7 -> DOE-LAB004-6 | E7: ='F1'!E7 -> 6 | F7: ='F1'!F7 -> 0 | G7: ='F1'!G7 -> 0 | H7: ='F1'!H7 -> pending_manual_entry | ... AF7: ='F1'!AF7 -> 0
A8: ='F1'!A8 -> DOE_Lote_2 | B8: ='F1'!B8 -> F1 | C8: ='F1'!C8 -> synthetic_glucose_rich_fructose_pulse | D8: ='F1'!D8 -> DOE-LAB004-7 | E8: ='F1'!E8 -> 7 | F8: ='F1'!F8 -> 0 | G8: ='F1'!G8 -> 0 | H8: ='F1'!H8 -> pending_manual_entry | ... AF8: ='F1'!AF8 -> 0
A9: ='F1'!A9 -> DOE_Lote_2 | B9: ='F1'!B9 -> F1 | C9: ='F1'!C9 -> synthetic_glucose_rich_fructose_pulse | D9: ='F1'!D9 -> DOE-LAB004-8 | E9: ='F1'!E9 -> 8 | F9: ='F1'!F9 -> 0 | G9: ='F1'!G9 -> 0 | H9: ='F1'!H9 -> pending_manual_entry | ... AF9: ='F1'!AF9 -> 0
A10: ='F1'!A10 -> DOE_Lote_2 | B10: ='F1'!B10 -> F1 | C10: ='F1'!C10 -> synthetic_glucose_rich_fructose_pulse | D10: ='F1'!D10 -> DOE-LAB004-9 | E10: ='F1'!E10 -> 9 | F10: ='F1'!F10 -> 0 | G10: ='F1'!G10 -> 0 | H10: ='F1'!H10 -> pending_manual_entry | ... AF10: ='F1'!AF10 -> 0
A11: ='F1'!A11 -> DOE_Lote_2 | B11: ='F1'!B11 -> F1 | C11: ='F1'!C11 -> synthetic_glucose_rich_fructose_pulse | D11: ='F1'!D11 -> DOE-LAB004-10 | E11: ='F1'!E11 -> 10 | F11: ='F1'!F11 -> 0 | G11: ='F1'!G11 -> 0 | H11: ='F1'!H11 -> pending_manual_entry | ... AF11: ='F1'!AF11 -> 0
A12: ='F1'!A12 -> DOE_Lote_2 | B12: ='F1'!B12 -> F1 | C12: ='F1'!C12 -> synthetic_glucose_rich_fructose_pulse | D12: ='F1'!D12 -> DOE-LAB004-11 | E12: ='F1'!E12 -> 11 | F12: ='F1'!F12 -> 0 | G12: ='F1'!G12 -> 0 | H12: ='F1'!H12 -> pending_manual_entry | ... AF12: ='F1'!AF12 -> 0
A13: ='F1'!A13 -> DOE_Lote_2 | B13: ='F1'!B13 -> F1 | C13: ='F1'!C13 -> synthetic_glucose_rich_fructose_pulse | D13: ='F1'!D13 -> DOE-LAB004-12 | E13: ='F1'!E13 -> 12 | F13: ='F1'!F13 -> 0 | G13: ='F1'!G13 -> 0 | H13: ='F1'!H13 -> pending_manual_entry | ... AF13: ='F1'!AF13 -> 0
... A19: ='F1'!A19 -> DOE_Lote_2 | B19: ='F1'!B19 -> F1 | C19: ='F1'!C19 -> synthetic_glucose_rich_fructose_pulse | D19: ='F1'!D19 -> DOE-LAB004-18 | E19: ='F1'!E19 -> 18 | F19: ='F1'!F19 -> 0 | G19: ='F1'!G19 -> 0 | H19: ='F1'!H19 -> pending_manual_entry | ... AF19: ='F1'!AF19 -> 0
A20: ='F2'!A2 -> DOE_Lote_2 | B20: ='F2'!B2 -> F2 | C20: ='F2'!C2 -> synthetic_lit_SM410_24C_highN_strip | D20: ='F2'!D2 -> DOE-LAB005-1 | E20: ='F2'!E2 -> 1 | F20: ='F2'!F2 -> 0 | G20: ='F2'!G2 -> 0 | H20: ='F2'!H2 -> pending_manual_entry | ... AF20: ='F2'!AF2 -> 0
A21: ='F2'!A3 -> DOE_Lote_2 | B21: ='F2'!B3 -> F2 | C21: ='F2'!C3 -> synthetic_lit_SM410_24C_highN_strip | D21: ='F2'!D3 -> DOE-LAB005-2 | E21: ='F2'!E3 -> 2 | F21: ='F2'!F3 -> 0 | G21: ='F2'!G3 -> 0 | H21: ='F2'!H3 -> pending_manual_entry | ... AF21: ='F2'!AF3 -> 0
A22: ='F2'!A4 -> DOE_Lote_2 | B22: ='F2'!B4 -> F2 | C22: ='F2'!C4 -> synthetic_lit_SM410_24C_highN_strip | D22: ='F2'!D4 -> DOE-LAB005-3 | E22: ='F2'!E4 -> 3 | F22: ='F2'!F4 -> 0 | G22: ='F2'!G4 -> 0 | H22: ='F2'!H4 -> pending_manual_entry | ... AF22: ='F2'!AF4 -> 0
A23: ='F2'!A5 -> DOE_Lote_2 | B23: ='F2'!B5 -> F2 | C23: ='F2'!C5 -> synthetic_lit_SM410_24C_highN_strip | D23: ='F2'!D5 -> DOE-LAB005-4 | E23: ='F2'!E5 -> 4 | F23: ='F2'!F5 -> 0 | G23: ='F2'!G5 -> 0 | H23: ='F2'!H5 -> pending_manual_entry | ... AF23: ='F2'!AF5 -> 0
A24: ='F2'!A6 -> DOE_Lote_2 | B24: ='F2'!B6 -> F2 | C24: ='F2'!C6 -> synthetic_lit_SM410_24C_highN_strip | D24: ='F2'!D6 -> DOE-LAB005-5 | E24: ='F2'!E6 -> 5 | F24: ='F2'!F6 -> 0 | G24: ='F2'!G6 -> 0 | H24: ='F2'!H6 -> pending_manual_entry | ... AF24: ='F2'!AF6 -> 0
A25: ='F2'!A7 -> DOE_Lote_2 | B25: ='F2'!B7 -> F2 | C25: ='F2'!C7 -> synthetic_lit_SM410_24C_highN_strip | D25: ='F2'!D7 -> DOE-LAB005-6 | E25: ='F2'!E7 -> 6 | F25: ='F2'!F7 -> 0 | G25: ='F2'!G7 -> 0 | H25: ='F2'!H7 -> pending_manual_entry | ... AF25: ='F2'!AF7 -> 0
A26: ='F2'!A8 -> DOE_Lote_2 | B26: ='F2'!B8 -> F2 | C26: ='F2'!C8 -> synthetic_lit_SM410_24C_highN_strip | D26: ='F2'!D8 -> DOE-LAB005-7 | E26: ='F2'!E8 -> 7 | F26: ='F2'!F8 -> 0 | G26: ='F2'!G8 -> 0 | H26: ='F2'!H8 -> pending_manual_entry | ... AF26: ='F2'!AF8 -> 0
A27: ='F2'!A9 -> DOE_Lote_2 | B27: ='F2'!B9 -> F2 | C27: ='F2'!C9 -> synthetic_lit_SM410_24C_highN_strip | D27: ='F2'!D9 -> DOE-LAB005-8 | E27: ='F2'!E9 -> 8 | F27: ='F2'!F9 -> 0 | G27: ='F2'!G9 -> 0 | H27: ='F2'!H9 -> pending_manual_entry | ... AF27: ='F2'!AF9 -> 0
A28: ='F2'!A10 -> DOE_Lote_2 | B28: ='F2'!B10 -> F2 | C28: ='F2'!C10 -> synthetic_lit_SM410_24C_highN_strip | D28: ='F2'!D10 -> DOE-LAB005-9 | E28: ='F2'!E10 -> 9 | F28: ='F2'!F10 -> 0 | G28: ='F2'!G10 -> 0 | H28: ='F2'!H10 -> pending_manual_entry | ... AF28: ='F2'!AF10 -> 0
A29: ='F2'!A11 -> DOE_Lote_2 | B29: ='F2'!B11 -> F2 | C29: ='F2'!C11 -> synthetic_lit_SM410_24C_highN_strip | D29: ='F2'!D11 -> DOE-LAB005-10 | E29: ='F2'!E11 -> 10 | F29: ='F2'!F11 -> 0 | G29: ='F2'!G11 -> 0 | H29: ='F2'!H11 -> pending_manual_entry | ... AF29: ='F2'!AF11 -> 0
A30: ='F2'!A12 -> DOE_Lote_2 | B30: ='F2'!B12 -> F2 | C30: ='F2'!C12 -> synthetic_lit_SM410_24C_highN_strip | D30: ='F2'!D12 -> DOE-LAB005-11 | E30: ='F2'!E12 -> 11 | F30: ='F2'!F12 -> 0 | G30: ='F2'!G12 -> 0 | H30: ='F2'!H12 -> pending_manual_entry | ... AF30: ='F2'!AF12 -> 0
A31: ='F2'!A13 -> DOE_Lote_2 | B31: ='F2'!B13 -> F2 | C31: ='F2'!C13 -> synthetic_lit_SM410_24C_highN_strip | D31: ='F2'!D13 -> DOE-LAB005-12 | E31: ='F2'!E13 -> 12 | F31: ='F2'!F13 -> 0 | G31: ='F2'!G13 -> 0 | H31: ='F2'!H13 -> pending_manual_entry | ... AF31: ='F2'!AF13 -> 0
... A37: ='F2'!A19 -> DOE_Lote_2 | B37: ='F2'!B19 -> F2 | C37: ='F2'!C19 -> synthetic_lit_SM410_24C_highN_strip | D37: ='F2'!D19 -> DOE-LAB005-18 | E37: ='F2'!E19 -> 18 | F37: ='F2'!F19 -> 0 | G37: ='F2'!G19 -> 0 | H37: ='F2'!H19 -> pending_manual_entry | ... AF37: ='F2'!AF19 -> 0
A38: ='F3'!A2 -> DOE_Lote_2 | B38: ='F3'!B2 -> F3 | C38: ='F3'!C2 -> synthetic_viable_biomass_step | D38: ='F3'!D2 -> DOE-LAB006-1 | E38: ='F3'!E2 -> 1 | F38: ='F3'!F2 -> 0 | G38: ='F3'!G2 -> 0 | H38: ='F3'!H2 -> pending_manual_entry | ... AF38: ='F3'!AF2 -> 0
A39: ='F3'!A3 -> DOE_Lote_2 | B39: ='F3'!B3 -> F3 | C39: ='F3'!C3 -> synthetic_viable_biomass_step | D39: ='F3'!D3 -> DOE-LAB006-2 | E39: ='F3'!E3 -> 2 | F39: ='F3'!F3 -> 0 | G39: ='F3'!G3 -> 0 | H39: ='F3'!H3 -> pending_manual_entry | ... AF39: ='F3'!AF3 -> 0
A40: ='F3'!A4 -> DOE_Lote_2 | B40: ='F3'!B4 -> F3 | C40: ='F3'!C4 -> synthetic_viable_biomass_step | D40: ='F3'!D4 -> DOE-LAB006-3 | E40: ='F3'!E4 -> 3 | F40: ='F3'!F4 -> 0 | G40: ='F3'!G4 -> 0 | H40: ='F3'!H4 -> pending_manual_entry | ... AF40: ='F3'!AF4 -> 0
A41: ='F3'!A5 -> DOE_Lote_2 | B41: ='F3'!B5 -> F3 | C41: ='F3'!C5 -> synthetic_viable_biomass_step | D41: ='F3'!D5 -> DOE-LAB006-4 | E41: ='F3'!E5 -> 4 | F41: ='F3'!F5 -> 0 | G41: ='F3'!G5 -> 0 | H41: ='F3'!H5 -> pending_manual_entry | ... AF41: ='F3'!AF5 -> 0
A42: ='F3'!A6 -> DOE_Lote_2 | B42: ='F3'!B6 -> F3 | C42: ='F3'!C6 -> synthetic_viable_biomass_step | D42: ='F3'!D6 -> DOE-LAB006-5 | E42: ='F3'!E6 -> 5 | F42: ='F3'!F6 -> 0 | G42: ='F3'!G6 -> 0 | H42: ='F3'!H6 -> pending_manual_entry | ... AF42: ='F3'!AF6 -> 0
A43: ='F3'!A7 -> DOE_Lote_2 | B43: ='F3'!B7 -> F3 | C43: ='F3'!C7 -> synthetic_viable_biomass_step | D43: ='F3'!D7 -> DOE-LAB006-6 | E43: ='F3'!E7 -> 6 | F43: ='F3'!F7 -> 0 | G43: ='F3'!G7 -> 0 | H43: ='F3'!H7 -> pending_manual_entry | ... AF43: ='F3'!AF7 -> 0
A44: ='F3'!A8 -> DOE_Lote_2 | B44: ='F3'!B8 -> F3 | C44: ='F3'!C8 -> synthetic_viable_biomass_step | D44: ='F3'!D8 -> DOE-LAB006-7 | E44: ='F3'!E8 -> 7 | F44: ='F3'!F8 -> 0 | G44: ='F3'!G8 -> 0 | H44: ='F3'!H8 -> pending_manual_entry | ... AF44: ='F3'!AF8 -> 0
A45: ='F3'!A9 -> DOE_Lote_2 | B45: ='F3'!B9 -> F3 | C45: ='F3'!C9 -> synthetic_viable_biomass_step | D45: ='F3'!D9 -> DOE-LAB006-8 | E45: ='F3'!E9 -> 8 | F45: ='F3'!F9 -> 0 | G45: ='F3'!G9 -> 0 | H45: ='F3'!H9 -> pending_manual_entry | ... AF45: ='F3'!AF9 -> 0
A46: ='F3'!A10 -> DOE_Lote_2 | B46: ='F3'!B10 -> F3 | C46: ='F3'!C10 -> synthetic_viable_biomass_step | D46: ='F3'!D10 -> DOE-LAB006-9 | E46: ='F3'!E10 -> 9 | F46: ='F3'!F10 -> 0 | G46: ='F3'!G10 -> 0 | H46: ='F3'!H10 -> pending_manual_entry | ... AF46: ='F3'!AF10 -> 0
A47: ='F3'!A11 -> DOE_Lote_2 | B47: ='F3'!B11 -> F3 | C47: ='F3'!C11 -> synthetic_viable_biomass_step | D47: ='F3'!D11 -> DOE-LAB006-10 | E47: ='F3'!E11 -> 10 | F47: ='F3'!F11 -> 0 | G47: ='F3'!G11 -> 0 | H47: ='F3'!H11 -> pending_manual_entry | ... AF47: ='F3'!AF11 -> 0
A48: ='F3'!A12 -> DOE_Lote_2 | B48: ='F3'!B12 -> F3 | C48: ='F3'!C12 -> synthetic_viable_biomass_step | D48: ='F3'!D12 -> DOE-LAB006-11 | E48: ='F3'!E12 -> 11 | F48: ='F3'!F12 -> 0 | G48: ='F3'!G12 -> 0 | H48: ='F3'!H12 -> pending_manual_entry | ... AF48: ='F3'!AF12 -> 0
A49: ='F3'!A13 -> DOE_Lote_2 | B49: ='F3'!B13 -> F3 | C49: ='F3'!C13 -> synthetic_viable_biomass_step | D49: ='F3'!D13 -> DOE-LAB006-12 | E49: ='F3'!E13 -> 12 | F49: ='F3'!F13 -> 0 | G49: ='F3'!G13 -> 0 | H49: ='F3'!H13 -> pending_manual_entry | ... AF49: ='F3'!AF13 -> 0
... A55: ='F3'!A19 -> DOE_Lote_2 | B55: ='F3'!B19 -> F3 | C55: ='F3'!C19 -> synthetic_viable_biomass_step | D55: ='F3'!D19 -> DOE-LAB006-18 | E55: ='F3'!E19 -> 18 | F55: ='F3'!F19 -> 0 | G55: ='F3'!G19 -> 0 | H55: ='F3'!H19 -> pending_manual_entry | ... AF55: ='F3'!AF19 -> 0
